[新聞] PC玩遊戲很複雜？Steam Machine開賣掀優,36,Tue Jun 23 18:44:32 2026
[心得] 探地者米娜好玩難度高(輔助很多)無劇情雷,6,Tue Jun 23 23:35:17 2026
Re: [閒聊] 太吾繪卷 褒貶不一,24,Wed Jun 24 01:21:16 2026
Re: [心得] 《女王的遊戲》女帝篇 6/9 已上架,2,Wed Jun 24 10:44:54 2026
[心得] 現在才補完隻狼 只能說GOTY不是叫假的  ,26,Wed Jun 24 12:29:42 2026
[心得] Spark in the Dark 搶先體驗,1,Wed Jun 24 15:17:39 2026
[公告] 板務宣導/實用連結/置底聊天區,爆,
[公告] Steam板板規(新!) /文章推薦區,15,Fri Sep 15 00:09:18 2017
[公告] 交易文章使用說明(發文/推文前請詳閱),,
[公告] 板規增訂 ,24,Thu Nov 27 17:43:43 2025
[公告] 6月置底遊戲交換區 ,5,
Fw: [分享] Dust Front RTS自製部分繁中化檔案,8,Sun Jun 21 18:58:57 2026
[心得] 新品節 萌太寶貝Montabi 類寶可夢肉鴿卡牌,3,Sun Jun 21 20:43:34 2026
Fw: [閒聊] 想學泰坦殞落但學得很怪的EMPULSE,1,Sun Jun 21 21:21:48 2026
[閒聊] 2026 IEM 科隆 MAJOR 總冠軍：Falcons,爆,Mon Jun 22 02:05:52 2026
Re: [心得] 大推Witchfire 魂+撤離+roguelike的射擊,7,Mon Jun 22 08:11:39 2026
Re: [閒聊] 太吾繪卷 褒貶不一,39,Mon Jun 22 08:23:43 2026
[心得] 夏洛克．福爾摩斯：第一章 無雷簡易心得,2,Mon Jun 22 10:30:38 2026
Fw: [閒聊] 動物朋友三創遊戲 阿萊桑公寓新增中文,19,Mon Jun 22 10:39:11 2026
[心得] 絕對魔權+失落城堡2+蒼翼：混沌效應,17,Mon Jun 22 13:03:43 2026
[閒聊] GTA 6 的預售價格公開 最貴可能約7XXX元,26,Tue Jun 23 00:10:35 2026
[閒聊] Steam Machine 價格公佈,爆,Tue Jun 23 01:25:38 2026
Fw: [情報] SteamOS3.8.10正式釋出 優化桌面硬體相容,2,Tue Jun 23 09:45:28 2026
Re: [閒聊] Steam Machine 價格公佈,52,Tue Jun 23 10:02:49 2026
[問題] 信用卡買steam machine回饋方案？,25,Tue Jun 23 10:21:33 2026
[問題] 想找特別會吹的遊戲,43,Tue Jun 23 13:15:41 2026
Re: [閒聊] Steam Machine 價格公佈,23,Tue Jun 23 14:06:00 2026
[閒聊] 夏特前最後銅板遊戲建議,22,Tue Jun 23 15:23:20 2026
Fw: [分享] Dust Front RTS自製部分繁中化檔案(更新,,Tue Jun 23 18:11:45 2026
[組包] 開羅30週年組包,27,Fri Jun 19 12:12:25 2026
[CS2 ] IEM Cologne Major 2026 八強Day2,爆,
[情報] GOG夏特開始了,7,Fri Jun 19 17:24:04 2026
Fw: [閒聊] Dust Front RTS 一點補充(圖多+文長),7,Fri Jun 19 17:50:09 2026
[心得] Slider 超好玩的解謎遊戲,6,Fri Jun 19 18:43:32 2026
[新聞] Steam新主機效能翻車！跑分「慘輸三年前,64,Fri Jun 19 19:17:06 2026
[閒聊] 太吾繪卷 褒貶不一,28,Sat Jun 20 09:19:14 2026
[閒聊] 綠龍有不一樣了嗎？,23,Sat Jun 20 09:26:51 2026
[新聞] 索尼克/音速小子35週年打折最低90% 新消息,9,Sat Jun 20 12:28:33 2026
[問題] 請問有像手遊那種隊伍搭配的遊戲能推薦,18,Sat Jun 20 12:51:30 2026
[閒聊] Bus Simulator 27,8,Sat Jun 20 13:05:03 2026
Re: [閒聊] 太吾繪卷 褒貶不一,22,Sat Jun 20 16:23:55 2026
[CS2 ] IEM Cologne Major 2026 四強,爆,
"Re: [閒聊] ff7 rebirth 1.005 加入作弊功能,mod 失效",2,Sat Jun 20 20:54:21 2026
[閒聊] 恭喜賀喜朧村正怪奇譚上steam～,8,Sat Jun 20 21:39:39 2026
[實況] steam新品節試玩【powappp3】2200開,,Sat Jun 20 21:48:27 2026
[閒聊] 新品節試玩 4款小遊戲（放置、自動戰鬥,2,Sat Jun 20 22:28:30 2026
"[問題] 除了ubi,還有沒有風景遊戲？",84,Sun Jun 21 07:58:07 2026
[心得] 迷你舒適房間- 多方滿足的桌面程式,9,Sun Jun 21 08:29:12 2026
[CS2 ] IEM Cologne Major 2026 Grand Final,爆,
